4131	4203#14
4132	383828#1
4133	70522#0
4134	23316#1
4135	152611#0
4136	103462#0
4136	103462#5
4137	13089#0
4138	681295#4
4139	614750#1
4140	425633#0
4141	6522#0
4141	6522#1
4142	314369#0
4143	871814#9
4143	871814#4
4144	184482#0
4144	184482#5
4145	237761#3
4146	328952#0
4147	8823#0
4148	103574#0
4149	83434#0
4150	42764#1
4151	819909#0
4152	1743#0
4153	710618#0
4154	6450#0
4155	2795#1
4155	2795#4
4156	44422#1
4157	852920#0
4158	7747#2
4158	7747#15
4159	348526#4
4160	357769#0
4161	10812#0
4162	3730#0
4163	425633#0
4164	70063#0
4164	70063#2
4165	232366#1
4165	232366#5
4166	911215#16
4167	53777#0
4168	21984#0
4169	609820#1
4170	115966#0
4171	25191#6
4172	974481#8
4172	974481#7
4173	48667#0
4174	490627#0
4174	490627#2
4175	538730#1
4176	20722#1
4177	274307#0
4178	643758#1
4179	933967#1
4180	255028#1
4181	6471#0
4182	144950#0
4183	87656#0
4184	72768#1
4185	17185#2
4186	41367#0
4187	49088#0
4188	53848#6
4189	560117#2
4190	377065#1
4191	628378#0
4192	36822#11
4193	301212#0
4194	480554#0
4194	480554#1
4195	298562#3
4196	254174#3
4197	463789#0
4197	463789#10
4197	463789#4
4198	362249#0
4199	8342#0
4200	680870#6
4201	5513#0
4201	5513#1
4202	103369#1
4203	126328#1
4204	298258#0
4205	665038#0
4206	70063#0
4206	70063#2
4207	68552#0
4207	68552#11
4208	550025#0
4209	260680#3
4210	1743#48
4210	1743#6
4211	303584#1
4212	50690#3
4213	10189#1
4214	863635#1
4215	405442#0
4215	405442#82
4216	593795#1
4217	6450#1
4218	8231#0
4219	65161#0
4220	40236#0
4221	418420#0
4221	418420#1
4222	25437#3
4223	780398#1
4224	238237#0
4224	238237#1
4225	43998#1
4225	43998#11
4226	103746#0
4227	100759#0
4228	55588#0
4228	55588#3
4229	128245#0
4230	3026#2
4231	221982#0
4232	19587#0
4233	112811#5
4234	12187#0
4235	140207#2
4236	429646#0
4237	221258#1
4238	368486#4
4239	302854#1
4240	194333#1
4241	23803#2
4242	781987#0
4242	781987#2
4243	776#0
4244	178691#3
4245	5605#1
4246	649845#0
4247	227073#0
4248	232621#5
4249	122481#0
4250	142889#7
4251	863635#1
4252	454983#0
4253	357474#0
4254	8231#2
4255	725582#0
4256	103553#0
4257	45667#0
4258	730969#1
4259	879421#0
4260	257649#3
4261	24465#2
4261	24465#23
4262	872670#0
4263	931571#0
4264	355975#0
4265	24826#0
4265	24826#2
4266	900162#0
4266	900162#2
4267	6522#10
4268	12651#1
4268	12651#2
4268	12651#3
4269	43785#0
4270	705453#0
4271	206442#7
4272	271439#5
4273	80354#11
4274	241344#3
4275	356683#0
4276	840966#2
4277	628042#4
4277	628042#6
4278	350584#1
4279	32366#0
4280	43808#0
4281	7853#0
4282	19516#0
4283	53848#1
4284	23130#0
4285	27475#6
4286	824838#1
4287	539795#0
4288	191460#1
4289	2069#1
4289	2069#2
4290	349654#2
4291	76481#0
4292	622410#1
4293	399784#0
4294	124910#0
4295	8604#1
4296	888284#0
4297	34380#0
4297	34380#2
4298	97926#0
4299	658464#0
4300	311395#0
4301	13825#3
4302	436043#0
4303	4801#0
4303	4801#2
4304	200106#3
4305	42942#0
4306	537713#2
4307	407936#0
4308	56283#0
4309	290234#2
4310	447522#0
4311	158148#0
4312	478683#0
4313	170932#0
4314	22138#1
4315	19516#3
4316	41587#0
4317	258888#1
4318	52894#1
4319	123382#1
4320	144950#1
4321	97959#0
4322	49829#0
4323	610788#0
4323	610788#1
4324	108346#2
4324	108346#3
4325	382718#0
4326	40388#0
4327	3644#1
4328	318904#1
4329	730473#0
4330	43808#0
4331	5229#0
4332	48095#0
4332	48095#1
4333	573712#2
4334	151188#0
4334	151188#5
4335	214327#0
4335	214327#1
4336	315386#6
4337	618567#2
4338	42321#1
4339	85692#10
4340	306210#1
4341	56255#13
4342	18644#1
4343	104357#10
4343	104357#23
4344	72768#1
4345	28101#1
4346	149214#0
4347	113093#0
4348	637774#3
4349	445402#0
4349	445402#14
4350	27195#0
4351	469891#1
4352	859367#0
4353	51672#9
4353	51672#6
4354	346424#2
4355	870021#0
4356	331560#4
4356	331560#30
4357	775692#1
4358	10556#1
4359	763900#2
4360	53330#0
4361	86783#0
4361	86783#1
4361	86783#6
4362	45219#6
4363	17145#4
4364	871814#0
4364	871814#9
4365	936012#9
4366	12914#0
4367	11559#0
4368	49829#0
4368	49829#1
4369	77564#1
4370	639724#6
4371	47484#2
4372	8199#1
4373	108346#2
4374	197981#0
4375	383828#1
4376	9169#2
4377	208587#0
4378	11296#4
4379	103210#3
4380	12481#4
4381	154008#0
4382	57690#1
4383	350584#0
4383	350584#2
4384	260680#3
4385	338633#2
4386	5099#2
4387	465905#0
4388	13089#1
4389	736369#3
4390	103746#0
4391	67029#0
4392	64218#14
4393	271439#0
4393	271439#3
4394	350108#0
4395	776#0
4396	419002#0
4397	51262#0
4397	51262#1
4398	41331#3
4399	51896#0
4400	12227#2
4401	53751#0
4402	519451#3
4403	263409#0
4404	344437#0
4405	566499#0
4406	6450#1
4407	177551#0
4408	32408#0
4409	238237#0
4410	49829#0
4411	12104#0
4412	11847#13
4413	139686#59
4413	139686#4
4414	568311#3
4415	25292#0
4416	237474#6
4417	36559#0
4418	628042#4
4419	190038#0
4419	190038#4
4420	17455#1
4421	143512#0
4421	143512#5
4422	47480#1
4423	12431#0
4424	469891#2
4425	32949#0
4426	123382#0
4426	123382#1
4427	865779#1
4428	184688#1
4429	6745#6
4430	156354#0
4432	59112#2
4433	537713#2
4434	372131#0
4435	498015#0
4436	442217#0
4437	909245#0
4438	4421#0
4439	51262#0
4440	78680#0
4441	61177#0
4442	5255#0
4443	629506#0
4444	720574#4
4445	7860#13
4446	210519#1
4447	131058#0
4448	331037#1
4449	13433#1
4450	709593#2
4451	51672#6
4452	192222#0
4452	192222#2
4453	142889#7
4454	171942#0
4454	171942#1
4455	69032#0
4456	20267#5
4457	933967#5
4458	26351#3
4459	8771#7
4460	122297#2
4461	23316#0
4462	196276#0
4463	419002#2
4464	366042#6
4465	76360#0
4466	108339#0
4467	66628#0
4468	271437#0
4469	5646#0
4470	833206#1
4471	155223#3
4472	810157#0
4473	91726#1
4473	91726#2
4474	395828#0
4474	395828#4
4475	97985#0
4476	85653#0
4477	665703#0
4478	192335#0
4479	632432#1
4480	17018#6
4481	64491#1
4482	72768#1
4483	645914#1
4484	901801#0
4485	211131#0
4486	232366#1
4486	232366#7
4487	674950#0
4487	674950#1
4488	182436#0
4489	6239#1
4490	1974#4
4491	922792#0
4491	922792#1
4492	368486#0
4493	139506#1
4494	601935#1
4495	140859#0
4496	382718#0
4497	283291#0
4498	12481#0
4499	4186#0
4499	4186#2
4500	35813#0
4501	60585#0
4502	95098#0
4503	41989#6
4504	444942#0
4505	6858#0
4506	4186#0
4507	47484#2
4508	3026#0
4509	891420#3
4510	568199#0
4511	3026#0
4512	152611#0
4513	86461#2
4514	579220#2
4515	37954#0
4516	152109#2
4517	474650#5
4518	553887#0
4519	85692#0
4519	85692#5
4520	171942#2
4521	208935#1
4522	174845#0
4522	174845#46
4523	408688#1
4524	229166#7
4525	22379#0
4526	17119#0
4527	5255#1
4527	5255#2
4528	2969#1
4529	287039#0
4530	190038#4
4531	117223#0
4532	45219#3
4533	759614#1
4534	78994#25
4534	78994#2
4535	20780#1
4536	154146#0
4537	46192#3
4538	45397#0
4539	12104#3
4540	495372#4
4541	65923#3
4542	85692#10
4543	112394#0
4544	926387#12
4545	133828#0
4546	154396#3
4547	350584#0
4548	50092#8
4548	50092#5
4549	190450#0
4550	169802#0
4551	14936#1
4552	326269#1
4553	298562#0
4554	8795#0
4555	232621#7
4556	256728#0
4557	2250#7
4558	112685#1
4558	112685#17
4559	10994#2
4560	5099#2
4561	815796#1
4562	780336#1
4563	32366#1
4563	32366#6
4564	553821#0
4564	553821#1
4565	10347#1
4566	418420#1
4567	192222#7
4568	4186#0
4568	4186#1
4569	126328#1
4570	303850#0
4571	22443#0
4572	372858#2
4573	382718#0
4573	382718#1
4574	36559#0
4575	65274#0
4576	24465#1
4577	520092#0
4578	40864#0
4579	44422#1
4579	44422#2
4580	138447#0
4581	10649#0
4582	681295#0
4583	780702#1
4584	573712#1
4585	58246#0
4586	521497#1
4587	964332#0
4588	320998#5
4589	4856#0
4590	568311#4
4591	34084#0
4592	51262#19
4592	51262#18
4592	51262#3
4593	184688#0
4594	32366#1
4595	253629#3
4596	14227#1
4596	14227#3
4597	32366#2
4598	806402#0
4599	283925#0
4599	283925#9
4600	143107#0
4600	143107#2
4601	17455#2
4602	827#0
4602	827#2
4603	852069#0
4604	141190#27
4605	48982#6
4606	49829#0
4607	45188#0
4608	5801#5
4609	783074#1
4610	58619#0
4611	76360#0
4612	8000#2
4613	32647#2
4613	32647#6
4614	8796#0
4615	36428#0
4616	97965#0
4617	485119#2
4618	732403#0
4619	320426#0
4620	394350#4
4621	66671#0
4622	170932#0
4623	43434#0
4624	5031#9
4625	10579#1
4625	10579#3
4626	478165#1
4627	13653#0
4628	11905#2
4628	11905#10
4629	80354#2
4629	80354#6
4630	196199#0
4631	50800#3
4632	11905#2
4633	155223#22
4634	20780#1
4635	118444#1
4635	118444#26
4636	258888#0
4636	258888#17
4636	258888#2
4637	53330#0
4638	965796#2
4639	239401#0
4639	239401#1
4640	537573#3
4641	349677#4
4642	49830#3
4643	195407#0
4644	112295#1
4644	112295#3
4645	560194#0
4646	4817#2
4647	42753#1
4647	42753#19
4648	107270#0
4649	55588#0
4650	44901#0
4651	18183#5
4652	22443#7
4653	517406#1
4654	116276#0
4655	255227#0
4656	5638#2
4657	482435#0
4658	42479#2
4659	258109#0
4660	359612#2
4661	56255#0
4662	79458#1
4663	62383#0
4664	640930#2
4665	520092#0
4666	14722#7
4667	45076#0
4668	345592#0
4669	298258#3
4670	214626#0
4671	155223#7
4672	224477#3
4673	208587#0
4674	750866#0
4675	46151#4
4676	45903#0
4676	45903#15
4677	342483#3
4678	54266#0
4678	54266#1
4679	751916#0
4680	25437#3
4681	854605#0
4682	151808#0
4682	151808#1
4683	42479#0
4684	53095#0
4685	65161#0
4686	50512#2
4687	384894#1
4688	77743#2
4689	133073#3
4690	11905#2
4691	171587#0
4692	50690#1
4693	4903#0
4694	40002#0
4695	35453#3
4696	568199#1
4697	12431#29
4698	53848#4
4699	46956#0
4700	20267#2
4701	181080#0
4702	914518#0
4703	45088#0
4704	49829#0
4705	87656#0
4706	668061#2
4707	290138#0
4708	39323#1
4709	143107#2
4710	256678#0
4711	6152#0
4712	515631#0
4713	237335#0
4714	2250#7
4715	57119#1
4716	63218#0
4717	512402#0
4718	782310#1
4719	71107#1
4720	36805#0
4721	80470#0
4722	91660#0
4723	110093#8
4723	110093#1
4723	110093#2
4724	511771#0
4724	511771#1
4725	27253#0
4726	1001#0
4726	1001#4
4727	166390#0
4728	814474#0
4729	319578#0
4730	385991#3
4731	13777#1
4732	20691#0
4732	20691#1
4733	366042#6
4734	283925#9
4734	283925#2
4735	5229#2
4736	55592#4
4737	177005#12
4738	797006#0
4739	47484#2
4740	91975#0
4741	4931#0
4742	122481#0
4743	78616#0
4744	407936#0
4745	1933#1
4746	2519#9
4747	485119#0
4748	42149#0
4748	42149#2
4748	42149#7
4749	42753#3
4750	798422#0
4751	582064#0
4752	53946#0
4753	22630#0
4753	22630#1
4754	736156#1
4755	8000#0
4756	58914#0
4757	139506#1
4758	203503#0
4759	543674#2
4760	16177#1
4761	86783#0
4762	498015#1
4763	5620#0
4764	292678#1
4765	20571#0
4766	872670#0
4767	11237#8
4768	225731#0
4769	40864#0
4770	644622#2
4771	132460#0
4772	490627#0
4773	4817#0
4774	34093#0
4775	24378#1
4775	24378#3
4776	291492#0
4777	477142#1
4778	28402#2
4779	151808#0
4780	888284#0
4781	616046#0
4782	13433#1
4783	204393#0
4783	204393#1
4783	204393#10
4784	14761#0
4785	32953#1
4785	32953#2
4786	824838#1
4787	16993#0
4788	65161#2
4789	3625#0
4790	467950#3
4791	238555#2
4792	75230#1
4793	971039#0
4794	293988#0
4795	282576#0
4796	278168#0
4796	278168#2
4797	13714#0
4798	385991#1
4799	382752#0
4799	382752#7
4800	186328#4
4801	981245#0
4802	180426#0
4803	315386#0
4804	38533#0
4805	97228#0
4806	201248#0
4806	201248#11
4807	44422#1
4808	5605#1
4808	5605#28
4809	32647#0
4809	32647#1
4809	32647#5
4810	681295#0
4811	203503#0
4812	824838#2
4813	142100#3
4814	399682#2
4815	62520#0
4816	680962#1
4817	10876#0
4818	257422#0
4819	154270#1
4819	154270#2
4820	178374#0
4821	27996#8
4821	27996#9
4822	350108#0
4823	227084#0
4824	8771#0
4824	8771#5
4825	925904#0
4826	192335#1
4827	236265#1
4828	345592#0
4829	626806#6
4830	8833#0
4831	609820#2
4832	60933#1
4833	908413#5
4834	36805#0
4835	77743#1
4836	297503#0
4837	23142#10
4838	222068#0
4839	494847#1
4839	494847#5
4840	86656#0
4841	27996#3
4842	306210#1
4843	681295#0
4844	666850#0
4845	156722#0
4846	83805#0
4847	198352#0
4848	31504#1
4849	41304#0
4850	158163#2
4851	38373#1
4852	52091#1
4853	730969#1
4854	78994#25
4854	78994#2
4855	198858#0
4856	538730#3
4857	79726#7
4858	86226#0
4859	2069#0
4859	2069#1
4860	103553#0
4861	6471#13
4862	854605#0
4863	169802#0
4864	86783#4
4865	179615#1
4866	106889#1
4867	258888#3
4868	266485#3
4869	41331#0
4870	227035#1
4870	227035#15
4871	714316#3
4872	870478#1
4873	54774#2
4874	363011#0
4875	134996#0
4875	134996#2
4876	20780#0
4877	747246#1
4878	687356#5
4879	17145#0
4880	19071#2
4881	4054#0
4881	4054#2
4882	155067#0
4883	578781#0
4884	70553#0
4885	927080#0
4886	827#0
4887	201004#2
4888	315386#2
4889	42685#9
4890	297503#0
4891	33274#0
4892	8837#2
4893	9866#1
4894	248497#0
4895	44422#1
4896	227035#10
4897	91770#0
4898	224170#10
4899	170289#1
4900	110688#0
4900	110688#1
4901	40388#3
4902	64529#3
4903	87908#0
4903	87908#1
4904	965783#0
4905	359612#1
4906	227084#0
4907	640930#8
4907	640930#2
4908	759614#7
4909	643758#1
4910	14447#1
4911	399682#0
4912	443061#2
4913	852069#0
4914	459634#1
4915	35150#0
4916	197212#8
4916	197212#1
4916	197212#19
4917	32953#2
4918	357651#1
4919	135254#0
4920	405442#1
4921	219194#8
4922	85191#0
4922	85191#19
4923	8836#0
4924	183014#0
4925	43785#1
4926	14227#1
4927	43998#1
4928	22707#5
4929	224170#2
4930	333043#0
4931	333043#0
4932	20267#6
4933	172314#0
4934	138189#0
4935	619185#4
4936	112394#0
4937	92211#0
4938	5272#0
4938	5272#17
4939	37636#1
4940	342483#1
4941	578850#1
4942	57123#0
4942	57123#1
4943	121948#3
4944	25186#0
4944	25186#2
4945	3730#0
4946	2983#1
4946	2983#2
4947	678113#0
4948	11287#0
4949	705750#0
4950	395828#0
4951	102640#0
4952	42037#0
4953	195333#7
4954	220739#0
4954	220739#1
4955	306909#1
4956	596445#0
4957	780988#1
4958	43808#9
4958	43808#1
4959	142889#0
4959	142889#4
4960	536047#0
4961	78300#0
4961	78300#1
4962	415058#0
4962	415058#1
4963	42479#0
4964	578850#3
4965	31504#3
4966	533124#0
4967	298562#0
4968	36559#0
4969	171557#2
4970	882172#0
4971	24419#0
4972	46934#0
4973	95092#0
4974	1001#7
4975	222068#0
4976	133073#0
4977	447522#0
4978	40282#0
4978	40282#23
4979	781987#2
4980	142465#4
4981	8208#5
4982	318904#0
4982	318904#1
4983	43785#1
4984	184506#0
4985	45188#2
4986	8000#0
4987	254020#0
4988	22443#0
4988	22443#10
4989	10556#0
4990	6858#9
4990	6858#7
4991	45219#0
4991	45219#26
4992	14197#0
4992	14197#9
4993	6110#0
4994	48592#2
4995	363989#2
4996	76497#0
4997	55674#0
4998	241344#3
4999	62383#0
5000	6581#0
5001	125973#0
5002	895684#1
5003	391427#1
5003	391427#9
5004	752322#0
5005	152611#0
5005	152611#17
5006	55592#4
5007	333043#0
5008	12481#1
5009	933967#1
5010	804147#0
5011	871814#9
5011	871814#4
5012	403003#3
5013	879375#0
5014	154396#1
5014	154396#13
5015	312134#0
5016	320939#0
5017	560905#2
5018	798418#3
5019	4903#0
5020	168832#0
5021	333050#2
5022	6241#0
5023	40388#1
5023	40388#14
5024	467110#0
5025	42685#0
5025	42685#9
5026	50092#2
5027	793241#1
5027	793241#2
5028	53751#1
5029	120487#3
5030	15672#4
5031	675984#2
5032	8381#1
5033	224626#0
5034	609820#0
5035	5262#0
5036	39173#0
5037	718510#1
5038	43998#1
5039	36168#1
5040	86874#1
5041	134139#0
5042	171557#1
5043	709432#0
5044	679689#0
5045	644622#2
5046	22458#0
5047	13433#1
5048	32898#2
5049	28608#0
5050	98417#0
5051	68370#0
5052	10977#0
5053	8208#7
5054	965783#0
5055	40282#0
5056	238555#4
5057	4203#14
5058	350108#0
5059	69122#0
5059	69122#3
5060	545#0
5061	14936#1
5062	27996#1
5063	171557#3
5064	738136#1
5065	309991#1
5066	86874#2
5067	98335#7
5068	356683#0
5069	14227#0
5069	14227#1
5070	97419#0
5071	533124#0
5072	268853#0
5072	268853#2
5073	5806#0
5074	901909#1
5075	112394#0
5076	2509#0
5077	190450#0
5078	8604#1
5079	740659#3
5080	532012#0
5081	278168#4
5082	5255#0
5083	4801#0
5084	5229#22
5085	5272#13
5086	7860#0
5087	33130#1
5088	301264#0
5089	43329#2
5090	548193#0
5091	10347#6
5092	780170#1
5093	12413#0
5094	120487#1
5095	3738#0
5096	24419#0
5097	177109#3
5098	37111#1
5099	12227#0
5100	37954#0
5101	142465#1
5102	813148#0
5103	12413#0
5104	32365#0
5105	28101#0
5106	227477#1
5107	1001#1
5108	32661#9
5109	908413#4
5110	8604#1
5111	68722#8
5111	68722#1
5112	310307#0
5112	310307#1
5113	75230#5
5114	37641#0
5115	33404#0
5116	85714#9
5117	201004#0
5118	720904#16
5119	15237#3
5120	12431#0
5121	539543#0
5122	752322#0
5123	984097#1
5124	72960#0
5125	533124#0
5126	512402#0
5127	3935#0
5128	566499#0
5129	922792#0
5130	6239#1
5131	19516#3
5132	91346#1
5133	482293#6
5134	60395#0
5135	155552#1
5136	192335#0
5137	113876#1
5138	553887#0
5139	104958#0
5140	15672#4
5140	15672#15
5141	53946#1
5141	53946#6
5142	4817#0
5143	289053#0
5144	32366#1
5145	21292#3
5146	2995#0
5146	2995#1
5147	5513#0
5148	343879#2
5149	418420#1
5150	493695#0
5151	183014#0
5152	171942#0
5153	19100#1
5154	85748#0
5155	596445#1
5156	6936#9
5156	6936#2
5157	572429#0
5158	132969#3
5159	103369#1
5160	7997#0
5161	13089#1
5162	315360#1
5163	921416#5
5164	5229#0
5164	5229#3
5165	350108#0
5166	759614#1
5167	254174#5
5168	17119#0
5169	752322#3
5170	83434#1
5171	32631#1
5172	290234#1
5173	72960#1
5173	72960#44
5174	355296#0
5175	3098#0
5176	108346#1
5176	108346#2
5177	537573#0
5178	211131#0
5179	6522#0
5180	607524#0
5181	92915#0
5182	55288#0
5182	55288#17
5183	780988#1
5184	110093#8
5184	110093#1
5185	67766#0
5186	91660#0
5187	871021#9
5187	871021#2
5188	720904#0
5189	139506#1
5190	824888#1
5191	143512#0
5191	143512#1
5191	143512#21
5192	63768#4
5193	91975#2
5194	184482#0
5195	5451#0
5196	1646#0
5197	806402#0
5198	65583#2
5198	65583#3
5199	112388#3
5200	68722#7
5201	97879#0
5202	8771#2
5203	120618#9
5204	383828#0
5205	27713#1
5205	27713#6
5206	109026#0
5207	5031#10
5208	53095#10
5209	2492#2
5210	16997#0
5210	16997#1
5211	221258#1
5212	20726#0
5213	890696#8
5214	5638#1
5215	171205#1
5216	2867#3
5217	156343#0
5218	709571#0
5219	530225#0
5219	530225#1
5220	132969#3
5221	145124#0
5222	463789#0
5223	31504#1
5224	24465#2
5225	48502#1
5226	55588#0
5227	285522#1
5228	139506#1
5229	44422#1
5230	290847#0
5231	13714#0
5232	4701#1
5233	10159#1
5234	843827#1
5235	23803#2
5236	85692#2
5237	391347#0
5238	56848#0
5238	56848#3
5239	27713#0
5239	27713#19
5240	205140#3
5241	46151#4
5242	115376#0
5243	463789#0
5244	32953#1
5245	17186#0
5246	41367#0
5247	27456#0
5248	266485#1
5249	513453#0
5250	219194#5
5251	13879#2
5252	142100#3
5253	179981#0
5254	65583#1
5254	65583#11
5255	103462#1
5256	614750#0
5257	98426#1
5258	34380#0
5259	258109#5
5260	42479#0
5261	168034#0
5262	903745#0
5263	806402#0
5264	13972#0
5265	349697#17
5265	349697#12
5265	349697#1
5266	152109#2
5266	152109#35
5267	51672#1
5268	307400#1
5269	49721#2
5270	33404#8
5271	111476#0
5272	171557#1
5273	498015#0
5274	59540#1
5274	59540#10
5274	59540#9
5275	268744#3
5276	763936#1
5277	298258#0
5277	298258#2
5277	298258#4
5278	9960#0
5279	37285#1
5280	3531#0
5281	306665#0
5282	55626#0
5283	34891#5
5284	18805#1
5285	622400#0
5286	1933#1
5286	1933#6
5287	208587#0
5288	19516#7
5289	42764#2
5290	903745#0
5291	78013#0
5292	303850#0
5293	23316#1
5294	266485#0
5295	203503#0
5296	897129#0
5297	48110#0
5298	76360#0
5299	12470#1
5300	341853#1
5301	65161#0
5302	81162#0
5303	208935#0
5304	78950#2
5305	227571#0
5306	117223#2
5307	256463#1
5308	146114#0
5309	177554#4
5310	593795#0
5311	630108#1
5312	60808#0
5313	306210#1
5314	59112#1
5315	48101#0
5316	85714#6
5317	121948#0
5318	644211#7
5319	1000543#0
5320	18287#1
5321	46316#0
